-- Sample rows for Hospital Patient and Appointment Analytics
-- Run after schema.sql

INSERT INTO departments (department_id, department_name) VALUES
    (1, 'Cardiology'),
    (2, 'Orthopedics'),
    (3, 'Pediatrics'),
    (4, 'Emergency Medicine'),
    (5, 'Neurology'),
    (6, 'Internal Medicine');

INSERT INTO patients (patient_id, patient_name, age, gender, city) VALUES
    (1,  'Maria Chen',        34, 'Female',   'Seattle'),
    (2,  'James Okafor',      52, 'Male',     'Portland'),
    (3,  'Priya Sharma',      41, 'Female',   'Seattle'),
    (4,  'Ethan Brooks',      28, 'Male',     'Tacoma'),
    (5,  'Sofia Alvarez',      6, 'Female',   'Bellevue'),
    (6,  'Daniel Kim',        61, 'Male',     'Seattle'),
    (7,  'Aisha Patel',       45, 'Female',   'Redmond'),
    (8,  'Marcus Webb',       19, 'Male',     'Everett'),
    (9,  'Linda Foster',      73, 'Female',   'Seattle'),
    (10, 'Ryan Nguyen',       36, 'Male',     'Kirkland'),
    (11, 'Emily Carter',      29, 'Female',   'Renton'),
    (12, 'Victor Hayes',      55, 'Male',     'Seattle'),
    (13, 'Nina Okonkwo',      48, 'Female',   'Federal Way'),
    (14, 'Oliver Singh',      11, 'Male',     'Issaquah'),
    (15, 'Grace Mitchell',    62, 'Female',   'Seattle'),
    (16, 'Hassan Farouk',     39, 'Male',     'Bothell'),
    (17, 'Chloe Martin',      24, 'Female',   'Lynnwood'),
    (18, 'Robert Jensen',     67, 'Male',     'Seattle'),
    (19, 'Yuki Tanaka',       33, 'Female',   'Mercer Island'),
    (20, 'Diego Ramirez',     47, 'Male',     'Burien');

INSERT INTO doctors (doctor_id, doctor_name, department_id, specialization) VALUES
    (1,  'Dr. Helen Wright',      1, 'Interventional Cardiology'),
    (2,  'Dr. Sanjay Mehta',      1, 'Heart Failure'),
    (3,  'Dr. Laura Bennett',     2, 'Sports Medicine'),
    (4,  'Dr. Andre Silva',       2, 'Joint Replacement'),
    (5,  'Dr. Rebecca Cho',       3, 'General Pediatrics'),
    (6,  'Dr. Michael Park',      3, 'Pediatric Cardiology'),
    (7,  'Dr. Angela Ruiz',       4, 'Trauma'),
    (8,  'Dr. Kevin O''Brien',     4, 'Acute Care'),
    (9,  'Dr. Fatima El-Sayed',   5, 'Stroke'),
    (10, 'Dr. Gregory Stone',     5, 'Epilepsy'),
    (11, 'Dr. Jennifer Walsh',    6, 'Endocrinology'),
    (12, 'Dr. David Okoro',       6, 'Gastroenterology'),
    (13, 'Dr. Rachel Meyer',      1, 'Electrophysiology'),
    (14, 'Dr. Thomas Vaughn',     2, 'Spine Surgery'),
    (15, 'Dr. Susan Blake',       4, 'Emergency Pediatrics'),
    (16, 'Dr. Amir Haddad',       6, 'Pulmonology'),
    (17, 'Dr. Christine Lee',     3, 'Adolescent Medicine'),
    (18, 'Dr. Paul Hendricks',    1, 'Preventive Cardiology');

INSERT INTO appointments (appointment_id, patient_id, doctor_id, appointment_date, status) VALUES
    (1,  1,  1, '2024-09-05', 'Completed'),
    (2,  2,  3, '2024-09-06', 'Completed'),
    (3,  3, 11, '2024-09-07', 'Cancelled'),
    (4,  4,  7, '2024-09-08', 'Completed'),
    (5,  5,  5, '2024-09-10', 'Completed'),
    (6,  6,  2, '2024-09-12', 'No Show'),
    (7,  7,  9, '2024-09-14', 'Completed'),
    (8,  8, 17, '2024-09-15', 'Completed'),
    (9,  9, 13, '2024-09-18', 'Completed'),
    (10, 10, 12, '2024-09-20', 'Completed'),
    (11, 11,  4, '2024-09-22', 'Cancelled'),
    (12, 12, 16, '2024-09-25', 'Completed'),
    (13, 13,  8, '2024-09-26', 'Completed'),
    (14, 14,  6, '2024-09-28', 'Completed'),
    (15, 15, 18, '2024-10-01', 'Completed'),
    (16, 16, 10, '2024-10-03', 'Completed'),
    (17, 17, 14, '2024-10-05', 'No Show'),
    (18, 18,  1, '2024-10-08', 'Completed'),
    (19, 19, 15, '2024-10-10', 'Completed'),
    (20, 20,  5, '2024-10-12', 'Completed'),
    (21, 1,  1, '2024-10-15', 'Completed'),
    (22, 3, 11, '2024-10-18', 'Completed');

INSERT INTO billing (bill_id, appointment_id, total_amount, payment_status, payment_date) VALUES
    (1,  1,  285.00, 'Paid',   '2024-09-06'),
    (2,  2,  420.50, 'Paid',   '2024-09-07'),
    (3,  3,   75.00, 'Unpaid', NULL),
    (4,  4,  890.00, 'Paid',   '2024-09-09'),
    (5,  5,  195.00, 'Paid',   '2024-09-11'),
    (6,  6,  150.00, 'Unpaid', NULL),
    (7,  7,  650.00, 'Paid',   '2024-09-15'),
    (8,  8,  210.00, 'Unpaid', NULL),
    (9,  9,  1200.00, 'Paid',  '2024-09-19'),
    (10, 10, 380.25, 'Paid',   '2024-09-21'),
    (11, 11, 95.00, 'Unpaid', NULL),
    (12, 12, 445.00, 'Paid',   '2024-09-26'),
    (13, 13, 310.00, 'Paid',   '2024-09-27'),
    (14, 14, 275.50, 'Paid',   '2024-09-29'),
    (15, 15, 330.00, 'Unpaid', NULL),
    (16, 16, 520.00, 'Paid',   '2024-10-04'),
    (17, 17, 180.00, 'Unpaid', NULL),
    (18, 18, 295.00, 'Paid',   '2024-10-09'),
    (19, 19, 155.00, 'Paid',   '2024-10-11'),
    (20, 20, 185.00, 'Paid',   '2024-10-13'),
    (21, 21, 285.00, 'Paid',   '2024-10-16'),
    (22, 22, 240.00, 'Paid',   '2024-10-19');
